Team,#_of_wins_real value,#_of_wins_predicted value,#_of_losses_real value,#_of_losses_predicted value
Akron ,5.0,4.753310803779115,7.0,6.722705810540834
Alabama ,11.0,10.662261609443178,2.0,1.623269169801393
Arizona ,8.0,7.75797999323224,5.0,4.750339477533021
Arkansas ,3.0,2.7487179082713027,9.0,8.714538424485841
Auburn ,12.0,11.71464503229474,2.0,1.7184663705765395
Baylor ,11.0,10.548064832099428,2.0,1.5266214303909926
Boston College ,7.0,6.698440198310365,6.0,5.718884795182863
Bowling Green ,10.0,9.623183850654115,4.0,3.554265230172792
Buffalo ,8.0,7.809295300849428,5.0,4.793213456147829
California ,1.0,0.6861416143259902,11.0,10.663727133744874
Cincinnati ,9.0,8.698150281318178,4.0,3.660957067483583
Clemson ,11.0,10.78276026666974,2.0,1.7509284906326918
Colorado ,4.0,3.67173731745099,8.0,7.67726227568976
Duke ,10.0,9.770110730536928,4.0,3.7814678840576796
East Carolina ,10.0,9.671996716865053,3.0,2.640394061082521
East Carolina ,10.0,9.671996716865053,3.0,2.640394061082521
Florida ,4.0,3.6795650762400527,8.0,7.642712681764284
Georgia ,8.0,7.604827527411928,5.0,4.597676127427736
Georgia Tech ,7.0,6.670486096747865,6.0,5.648562162393251
Houston ,8.0,7.759215955146303,5.0,4.7371712617813735
Idaho ,1.0,0.8408199590525527,11.0,10.820754735940614
Idaho ,1.0,0.8408199590525527,11.0,10.820754735940614
Illinois ,4.0,3.6752620977244277,8.0,7.627697675698915
Indiana ,5.0,4.539825086005678,7.0,6.516027062410036
Iowa ,8.0,7.634490613349428,5.0,4.638690083497682
Kansas ,3.0,2.6957699102244277,9.0,8.682019680017152
Kentucky ,2.0,1.7294460576853652,10.0,9.707699625962892
Louisiana ,9.0,8.700683240302553,4.0,3.6984171562134414
Louisiana Tech ,4.0,3.784499768622865,8.0,7.740215747827211
Louisville ,12.0,11.614074353583803,1.0,0.5788840942322402
Louisville ,12.0,11.614074353583803,1.0,0.5788840942322402
Marshall ,10.0,9.740859631904115,4.0,3.685327022546449
Marshall ,10.0,9.740859631904115,4.0,3.685327022546449
Maryland ,7.0,6.763915662177553,6.0,5.7645238332688
Maryland ,7.0,6.763915662177553,6.0,5.7645238332688
Memphis ,3.0,2.70744288385724,9.0,8.651077597612062
Miami ,9.0,8.698791150458803,4.0,3.7349151067673354
Miami ,9.0,8.698791150458803,4.0,3.7349151067673354
Miami ,0.0,-0.3606876093068223,12.0,11.595288365358034
Miami ,0.0,-0.3606876093068223,12.0,11.595288365358034
Michigan ,7.0,6.685943250068178,6.0,5.662506788247743
Minnesota ,8.0,7.686050061591615,5.0,4.673389046662965
Missouri ,12.0,11.710281018622865,2.0,1.695500820153871
Navy ,9.0,8.70927393854474,4.0,3.684996097558656
Navy ,9.0,8.70927393854474,4.0,3.684996097558656
Nebraska ,9.0,8.770400647529115,4.0,3.7511756114899306
North Carolina ,7.0,6.78428614557599,6.0,5.757390230172792
North Texas ,9.0,8.67533839166974,4.0,3.6728986196457534
Northwestern ,5.0,4.689178113349428,7.0,6.704325526231447
Notre Dame ,9.0,8.720428113349428,4.0,3.6899788074432998
Notre Dame ,9.0,8.720428113349428,4.0,3.6899788074432998
Ohio ,7.0,6.651443127997865,6.0,5.657085388177553
Oklahoma ,11.0,10.628600720771303,2.0,1.6522568159042983
Oregon ,11.0,10.65080225885724,2.0,1.6492068462311416
Pittsburgh ,7.0,6.597472791083803,6.0,5.586751907342592
Pittsburgh ,7.0,6.597472791083803,6.0,5.586751907342592
Purdue ,1.0,0.6935268682322402,11.0,10.650729029649415
Rice ,10.0,9.756103162177553,4.0,3.7481684379517226
Rutgers ,6.0,5.752196912177553,7.0,6.750362604135194
Rutgers ,6.0,5.752196912177553,7.0,6.750362604135194
South Carolina ,11.0,10.698852185615053,2.0,1.6859638385712294
Southern California ,10.0,9.63377345026349,4.0,3.585157006257692
Stanford ,11.0,10.685607556708803,3.0,2.65641209411017
Syracuse ,7.0,6.821319226630678,6.0,5.785840600007692
Temple ,2.0,1.6757808965525527,10.0,9.615492671006837
Tennessee ,5.0,4.72196925104474,7.0,6.692058771127382
Texas ,8.0,7.754287366279115,5.0,4.748551099771181
Texas A&M ,9.0,8.72996485651349,4.0,3.7036826305328994
Texas Tech ,8.0,7.780349377997865,5.0,4.751418798440614
Toledo ,7.0,6.66380274713849,5.0,4.654453127854982
Troy ,6.0,5.668212537177553,6.0,5.684214561456361
Tulane ,7.0,6.700988416083803,6.0,5.651531427377382
Tulane ,7.0,6.700988416083803,6.0,5.651531427377382
Tulsa ,3.0,2.8372188848338027,9.0,8.79190191554419
Tulsa ,3.0,2.8372188848338027,9.0,8.79190191554419
UCLA ,10.0,9.739501599677553,3.0,2.734496682161012
Utah ,5.0,4.72471583307599,7.0,6.721476762765565
Vanderbilt ,9.0,8.746352795966615,4.0,3.711771219247499
Virginia ,2.0,1.9342647832713027,10.0,9.86099681186072
Virginia Tech ,8.0,7.649856213935365,5.0,4.6445634059845595
Wake Forest ,4.0,3.74858057916974,8.0,7.71540126132361
Washington ,9.0,8.756850842841615,4.0,3.7086766653000502
West Virginia ,4.0,3.6290584844431777,8.0,7.615675418847719
Wisconsin ,9.0,8.63963282526349,4.0,3.6014388494431167
Akron ,5.0,4.654067639716615,7.0,6.644313304895082
Alabama ,12.0,11.64414942682599,2.0,1.6184912614761977
Arizona ,10.0,9.897857312568178,4.0,3.90187153148047
Arkansas ,7.0,6.660583142646303,6.0,5.624661891931215
Auburn ,8.0,7.73747218073224,5.0,4.702740281099
Baylor ,11.0,10.674438123115053,2.0,1.6312327079712539
Boston College ,7.0,6.65452540338849,6.0,5.6351838998734145
Bowling Green ,8.0,7.90147364557599,6.0,5.895085304254213
Buffalo ,5.0,4.747695569404115,6.0,5.69489595221869
California ,5.0,4.763274793036928,7.0,6.7486612491547255
Cincinnati ,9.0,8.678115491279115,4.0,3.669226019853273
Clemson ,10.0,9.77683985651349,3.0,2.7391684942185073
Colorado ,2.0,1.7239986699900527,10.0,9.658232181543031
Duke ,9.0,8.721877698310365,4.0,3.7138229303299575
East Carolina ,8.0,7.688659314521303,5.0,4.64804503249518
East Carolina ,8.0,7.688659314521303,5.0,4.64804503249518
Florida ,7.0,6.713836316474428,5.0,4.689114659303346
Georgia ,10.0,9.76188624323224,3.0,2.7148884229599624
Georgia Tech ,11.0,10.74009669245099,3.0,2.70637592601172
Houston ,8.0,7.746917371161928,5.0,4.693653433793703
Idaho ,1.0,0.7893978399119277,10.0,9.764869659417787
Idaho ,1.0,0.7893978399119277,10.0,9.764869659417787
Illinois ,6.0,5.661025647529115,7.0,6.67207428740851
Indiana ,4.0,3.653701428779115,8.0,7.625025480264345
Iowa ,7.0,6.684295300849428,6.0,5.648866503709474
Kansas ,3.0,2.6808773320994277,9.0,8.66189476775519
Kentucky ,5.0,4.687408093818178,7.0,6.6711500577866225
Louisiana ,9.0,8.703872327216615,4.0,3.695278733247438
Louisiana Tech ,9.0,8.67411768854474,5.0,4.630966513627687
Louisville ,9.0,8.60478175104474,4.0,3.575504153245607
Louisville ,9.0,8.60478175104474,4.0,3.575504153245607
Marshall ,13.0,12.718810681708803,1.0,0.6933583908020644
Marshall ,13.0,12.718810681708803,1.0,0.6933583908020644
Maryland ,7.0,6.639434461005678,6.0,5.642663925164857
Maryland ,7.0,6.639434461005678,6.0,5.642663925164857
Memphis ,10.0,9.763854627021303,3.0,2.770079105371156
Miami ,6.0,5.77909815729474,7.0,6.716236322396913
Miami ,6.0,5.77909815729474,7.0,6.716236322396913
Miami ,2.0,1.7049862188181777,10.0,9.645620434755006
Miami ,2.0,1.7049862188181777,10.0,9.645620434755006
Michigan ,5.0,4.70506251276349,7.0,6.675963252061525
Minnesota ,8.0,7.735183362372865,5.0,4.689885704988161
Missouri ,11.0,10.758697156318178,3.0,2.752155273431459
Navy ,8.0,7.687926892646303,5.0,4.657851427072206
Navy ,8.0,7.687926892646303,5.0,4.657851427072206
Nebraska ,9.0,8.748794202216615,4.0,3.7062935523926406
North Carolina ,6.0,5.68675196588849,7.0,6.712813108438173
North Texas ,4.0,3.74394190729474,8.0,7.694101183885255
Northwestern ,5.0,4.93730128229474,7.0,6.891313999169984
Notre Dame ,8.0,7.720916394599428,5.0,4.671642034524599
Notre Dame ,8.0,7.720916394599428,5.0,4.671642034524599
Ohio ,6.0,5.770476941474428,6.0,5.756627171510377
Oklahoma ,8.0,7.71147120416974,5.0,4.6799744062363295
Oregon ,13.0,12.85917628229474,2.0,1.8220894031464248
Pittsburgh ,6.0,5.749908093818178,7.0,6.687915771478334
Pittsburgh ,6.0,5.749908093818178,7.0,6.687915771478334
Purdue ,3.0,2.7158199590525527,9.0,8.665612786286989
Rice ,8.0,7.716888074286928,5.0,4.679287403100648
Rutgers ,8.0,7.701476697333803,5.0,4.709034173959413
Rutgers ,8.0,7.701476697333803,5.0,4.709034173959413
South Carolina ,7.0,6.67430079401349,6.0,5.65675958918921
Southern California ,9.0,8.739135388740053,4.0,3.7182296209274917
Stanford ,8.0,7.675658826240053,5.0,4.6409458808838515
Syracuse ,3.0,2.73283350885724,9.0,8.694101899140993
Temple ,6.0,5.600783948310365,6.0,5.589337676042238
Tennessee ,7.0,6.751678113349428,6.0,5.718430130952516
Texas ,6.0,5.771911267646303,7.0,6.753039091104188
Texas A&M ,8.0,7.692519788154115,5.0,4.683448999398866
Texas Tech ,4.0,3.6825557988963027,8.0,7.6860460929810195
Toledo ,9.0,8.637969617255678,4.0,3.647375433915773
Troy ,3.0,2.767531995185365,9.0,8.756847351068178
Tulane ,3.0,2.8129574102244277,9.0,8.76537296103827
Tulane ,3.0,2.8129574102244277,9.0,8.76537296103827
Tulsa ,2.0,1.7364651006541152,10.0,9.730573742860475
Tulsa ,2.0,1.7364651006541152,10.0,9.730573742860475
UCLA ,10.0,9.672393445380678,3.0,2.6844246082245498
Utah ,9.0,8.767043713935365,4.0,3.7792757444321303
Vanderbilt ,3.0,2.6331478399119277,9.0,8.620730965608278
Virginia ,5.0,4.721862439521303,7.0,6.717725604051271
Virginia Tech ,7.0,6.789703015693178,6.0,5.76692017840735
Wake Forest ,3.0,2.650039319404115,9.0,8.63273569869391
Washington ,8.0,7.81510889948224,6.0,5.798747151368776
West Virginia ,7.0,6.689391736396303,6.0,5.681881874078432
Wisconsin ,11.0,10.614638928779115,3.0,2.597776382440248
Akron ,8.0,7.737563733466615,5.0,4.705275862687746
Alabama ,14.0,13.510573987372865,1.0,0.5135153226792006
Arizona ,7.0,6.672729138740053,6.0,5.622974722856203
Arkansas ,8.0,7.752639417060365,5.0,4.742382257455507
Auburn ,7.0,6.750213269599428,6.0,5.7477714710175185
Baylor ,10.0,9.609740857490053,3.0,2.5891132049500136
Boston College ,3.0,2.690505627997865,9.0,8.620428650849977
Bowling Green ,10.0,9.74754298151349,4.0,3.7282583408295302
Buffalo ,5.0,4.74089014948224,7.0,6.715802758210817
California ,8.0,7.774184827216615,5.0,4.7656606130539565
Cincinnati ,7.0,6.691955212958803,6.0,5.641142933839479
Clemson ,14.0,13.67082179010724,1.0,0.6583964519440322
Colorado ,4.0,3.8112789434275527,9.0,8.753421395295778
Duke ,8.0,7.768462781318178,5.0,4.746062844270387
East Carolina ,5.0,4.727782849677553,7.0,6.646888225549379
East Carolina ,5.0,4.727782849677553,7.0,6.646888225549379
Florida ,10.0,9.555129651435365,4.0,3.5439052276550917
Georgia ,10.0,9.589065198310365,3.0,2.605535595887819
Georgia Tech ,3.0,2.64848292291974,9.0,8.62021025943152
Houston ,13.0,12.714309338935365,1.0,0.7053606204926162
Idaho ,4.0,3.75999415338849,8.0,7.732307165139833
Idaho ,4.0,3.75999415338849,8.0,7.732307165139833
Illinois ,5.0,4.772903088935365,7.0,6.7382651262222915
Indiana ,6.0,5.755096082099428,7.0,6.701292603486696
Iowa ,12.0,11.528533582099428,2.0,1.5392594032227187
Kansas ,0.0,-0.2632297235646348,12.0,11.722515552514711
Kentucky ,5.0,4.723693494208803,7.0,6.688462226861635
Louisiana ,4.0,3.6809994024119277,8.0,7.686108797067323
Louisiana Tech ,9.0,8.73014796198224,4.0,3.6849673681198745
Louisville ,8.0,7.711272839911928,5.0,4.6829205446182876
Louisville ,8.0,7.711272839911928,5.0,4.6829205446182876
Marshall ,10.0,9.76463282526349,3.0,2.7775094203888564
Marshall ,10.0,9.76463282526349,3.0,2.7775094203888564
Maryland ,3.0,2.731155042060365,9.0,8.716827481263795
Maryland ,3.0,2.731155042060365,9.0,8.716827481263795
Memphis ,9.0,8.761108044990053,4.0,3.7304393939911513
Miami ,8.0,7.72245753229474,5.0,4.699846356385866
Miami ,8.0,7.72245753229474,5.0,4.699846356385866
Miami ,3.0,2.77452052057599,9.0,8.741571515077272
Miami ,3.0,2.77452052057599,9.0,8.741571515077272
Michigan ,10.0,9.577819470771303,3.0,2.5699524574219375
Minnesota ,6.0,5.679641370185365,7.0,6.648706405633607
Missouri ,5.0,4.75541651666974,7.0,6.705990641587892
Navy ,11.0,10.739013318427553,2.0,1.7313077144562392
Navy ,11.0,10.739013318427553,2.0,1.7313077144562392
Nebraska ,6.0,5.78929102838849,7.0,6.723355143541017
North Carolina ,11.0,10.872893933661928,3.0,2.8403079204498916
North Texas ,1.0,0.7442928594431777,11.0,10.709190576547304
Northwestern ,10.0,9.753371838935365,3.0,2.7615861587464003
Notre Dame ,10.0,9.68131983698224,3.0,2.685392826074281
Notre Dame ,10.0,9.68131983698224,3.0,2.685392826074281
Ohio ,8.0,7.753448132880678,5.0,4.72518536376349
Oklahoma ,11.0,10.659194592841615,2.0,1.6207261972366958
Old Dominion ,5.0,4.643798474677553,7.0,6.6329749517380385
Old Dominion ,5.0,4.643798474677553,7.0,6.6329749517380385
Oregon ,9.0,8.63584864557599,4.0,3.6383824043213515
Pittsburgh ,8.0,7.720458630927553,5.0,4.712481825822511
Pittsburgh ,8.0,7.720458630927553,5.0,4.712481825822511
Purdue ,2.0,1.7615658086619277,10.0,9.704140394204774
Rice ,5.0,4.701507214911928,7.0,6.695432274812379
Rutgers ,4.0,3.7796016973338027,8.0,7.7407887868820815
Rutgers ,4.0,3.7796016973338027,8.0,7.7407887868820815
South Carolina ,3.0,2.7477413457713027,9.0,8.694737284654298
Southern California ,8.0,7.764800671943178,6.0,5.711207240098634
Stanford ,12.0,11.63023341120099,2.0,1.63376006411902
Syracuse ,4.0,3.6230465215525527,8.0,7.627722352021852
Temple ,10.0,9.608489636786928,4.0,3.6087586574494033
Tennessee ,9.0,8.738372449286928,4.0,3.7201082401215224
Texas ,5.0,4.727050427802553,7.0,6.702278225892702
Texas A&M ,8.0,7.774261121161928,5.0,4.758403032296815
Texas Tech ,7.0,6.62217677057599,6.0,5.561946123117128
Toledo ,10.0,9.652969006904115,2.0,1.6438115529953627
Troy ,4.0,3.7251888555369277,8.0,7.647978156083742
Tulane ,3.0,2.6840511602244277,9.0,8.635432570451417
Tulane ,3.0,2.6840511602244277,9.0,8.635432570451417
Tulsa ,6.0,5.751189832099428,7.0,6.723687499040285
Tulsa ,6.0,5.751189832099428,7.0,6.723687499040285
UCLA ,8.0,7.727370862372865,5.0,4.694056957238832
Utah ,10.0,9.747985486396303,3.0,2.744414656633058
Vanderbilt ,4.0,3.758010510810365,8.0,7.739175527566591
Virginia ,4.0,3.716628674872865,8.0,7.662960021966615
Virginia Tech ,7.0,6.77464259088849,6.0,5.709574668878236
Wake Forest ,3.0,2.7451778692088027,9.0,8.721657245629945
Washington ,7.0,6.686889294990053,6.0,5.666141598695436
West Virginia ,8.0,7.81254542291974,5.0,4.7961089305817275
Wisconsin ,10.0,9.537810925849428,3.0,2.5164049558579116
Akron ,5.0,4.690581921943178,7.0,6.67818292903296
Alabama ,14.0,13.548095349677553,1.0,0.4880767755448012
Arizona ,3.0,2.778152112372865,9.0,8.746887772554079
Arkansas ,7.0,6.700622205146303,6.0,5.7077393226563125
Auburn ,8.0,7.801635388740053,5.0,4.74016019629828
Baylor ,7.0,6.77531397760724,6.0,5.739810674661317
Boston College ,7.0,6.646987561591615,6.0,5.6302472047745376
Bowling Green ,4.0,3.813430432685365,8.0,7.809809773439088
Buffalo ,2.0,1.7563167852244277,10.0,9.699085324281373
California ,5.0,4.764358167060365,7.0,6.720843642228761
Cincinnati ,4.0,3.7436519903025527,8.0,7.7126258306442885
Clemson ,14.0,13.771133069404115,1.0,0.7171718769013076
Colorado ,10.0,9.793456677802553,4.0,3.74606737422339
Duke ,4.0,3.7100826543650527,8.0,7.679657905572572
East Carolina ,3.0,2.7268062871775527,9.0,8.678096621507326
East Carolina ,3.0,2.7268062871775527,9.0,8.678096621507326
Florida ,9.0,8.632766370185365,4.0,3.6123344592987685
Georgia ,8.0,7.657317761786928,5.0,4.643713562959352
Georgia Tech ,9.0,8.71714747370099,4.0,3.7493517093598037
Houston ,9.0,8.770721082099428,4.0,3.7376653842865615
Idaho ,9.0,8.717986707099428,4.0,3.7082854204117446
Idaho ,9.0,8.717986707099428,4.0,3.7082854204117446
Illinois ,3.0,2.726577405341615,9.0,8.686833827966371
Indiana ,6.0,5.892837170966615,7.0,6.821651547425905
Iowa ,8.0,7.611175183661928,5.0,4.618921368592897
Kansas ,2.0,1.7115627569041152,10.0,9.680978267663637
Kentucky ,7.0,6.777557019599428,6.0,5.7578810148178725
Louisiana ,6.0,5.680266980536928,7.0,6.670510023111024
Louisiana Tech ,9.0,8.788833264716615,5.0,4.727773755067506
Louisville ,9.0,8.642898206122865,4.0,3.6207025937973647
Louisville ,9.0,8.642898206122865,4.0,3.6207025937973647
Marshall ,3.0,2.6984554570994277,9.0,8.679474084848085
Marshall ,3.0,2.6984554570994277,9.0,8.679474084848085
Maryland ,6.0,5.744537000068178,7.0,6.718119709962526
Maryland ,6.0,5.744537000068178,7.0,6.718119709962526
Memphis ,8.0,7.78739893854474,5.0,4.743164747232118
Miami ,9.0,8.803847913154115,4.0,3.7552872590958266
Miami ,9.0,8.803847913154115,4.0,3.7552872590958266
Miami ,6.0,5.65074122370099,7.0,6.607853262895265
Miami ,6.0,5.65074122370099,7.0,6.607853262895265
Michigan ,10.0,9.72618067682599,3.0,2.679035156243959
Minnesota ,9.0,8.745513562568178,4.0,3.7316326789795546
Missouri ,4.0,3.6365658086619277,8.0,7.61175545977942
Navy ,9.0,8.693435315497865,5.0,4.670810549729982
Navy ,9.0,8.693435315497865,5.0,4.670810549729982
Nebraska ,9.0,8.72099268854474,4.0,3.7347834997116713
North Carolina ,8.0,7.769836072333803,5.0,4.748849122995058
North Texas ,5.0,4.640685681708803,8.0,7.62307092475287
Northwestern ,7.0,6.700881604560365,6.0,5.702210276597658
Notre Dame ,4.0,3.75212061823224,8.0,7.682196467393556
Notre Dame ,4.0,3.75212061823224,8.0,7.682196467393556
Ohio ,8.0,7.801711682685365,6.0,5.761664836877504
Oklahoma ,11.0,10.70524561823224,2.0,1.6923402242600112
Old Dominion ,10.0,9.735000256904115,3.0,2.6932277374207167
Old Dominion ,10.0,9.735000256904115,3.0,2.6932277374207167
Oregon ,4.0,3.74735987604474,8.0,7.690644114488283
Pittsburgh ,8.0,7.862929944404115,5.0,4.83190938758246
Pittsburgh ,8.0,7.862929944404115,5.0,4.83190938758246
Purdue ,3.0,2.7101742070994277,9.0,8.686462848657289
Rice ,3.0,2.6295772832713027,9.0,8.63261112498633
Rutgers ,2.0,1.7305141729197402,10.0,9.724368899339357
Rutgers ,2.0,1.7305141729197402,10.0,9.724368899339357
South Carolina ,6.0,5.780761365302553,7.0,6.75223192500464
Southern California ,10.0,9.727325086005678,3.0,2.6945111446320205
Stanford ,10.0,9.665130261786928,3.0,2.679807632440248
Syracuse ,4.0,3.6453853887400527,8.0,7.652406542771974
Temple ,10.0,9.596496228583803,4.0,3.5750086002289443
Tennessee ,9.0,8.807738904365053,4.0,3.7637353830277114
Texas ,5.0,4.678252820380678,7.0,6.6655804805695205
Texas A&M ,8.0,7.782424573310365,5.0,4.765693753236452
Texas Tech ,5.0,4.590972546943178,7.0,6.5404796295105605
Toledo ,9.0,8.753203992255678,4.0,3.7201686792313247
Troy ,10.0,9.772475842841615,3.0,2.743630736344972
Tulane ,4.0,3.751357678779115,8.0,7.741616814607301
Tulane ,4.0,3.751357678779115,8.0,7.741616814607301
Tulsa ,10.0,9.68376124323224,3.0,2.6410013132034926
Tulsa ,10.0,9.68376124323224,3.0,2.6410013132034926
UCLA ,4.0,3.79649317682599,8.0,7.722112267488161
Utah ,9.0,8.731155042060365,4.0,3.7228617362915664
Vanderbilt ,6.0,5.687743787177553,7.0,6.681276171678224
Virginia ,2.0,1.6746517461619277,10.0,9.677833288186708
Virginia Tech ,10.0,9.842834119208803,4.0,3.774709909433046
Wake Forest ,7.0,6.724883679755678,6.0,5.7200708084046035
Washington ,12.0,11.710296277411928,2.0,1.647149055474916
West Virginia ,10.0,9.74455225885724,3.0,2.7480461292206435
Wisconsin ,11.0,10.623748425849428,3.0,2.614456742280641
Air Force ,5.0,4.776687268622865,7.0,6.758480041497865
Air Force ,5.0,4.776687268622865,7.0,6.758480041497865
Akron ,7.0,6.609878186591615,7.0,6.643893807405153
Alabama ,13.0,12.65208399713849,1.0,0.6190442733704238
Arizona ,7.0,6.759887341865053,6.0,5.741965501779237
Arkansas ,4.0,3.6985775274119277,8.0,7.6892528228699355
Auburn ,10.0,9.732329968818178,4.0,3.675617425912538
Baylor ,1.0,0.6727749151072402,11.0,10.656630247110048
Boston College ,7.0,6.78611720026349,6.0,5.769971578591981
Bowling Green ,2.0,1.6654201787791152,10.0,9.627000539773622
Buffalo ,6.0,5.718719128974428,6.0,5.692177980416933
California ,5.0,4.712249402411928,7.0,6.688584535592714
Cincinnati ,4.0,3.6450802129588027,8.0,7.656402318948427
Clemson ,12.0,11.642211560615053,2.0,1.6167401962219863
Colorado ,5.0,4.677703503974428,7.0,6.687017052644411
Duke ,7.0,6.796889905341615,6.0,5.733348458284059
East Carolina ,3.0,2.66233790338849,9.0,8.642807572358766
East Carolina ,3.0,2.66233790338849,9.0,8.642807572358766
Florida ,4.0,3.7533870977244277,7.0,6.730373232835451
Georgia ,13.0,12.60386622370099,2.0,1.5652240209519057
Georgia Tech ,5.0,4.69163477838849,6.0,5.677688925737062
Hawaii ,3.0,2.6546627324900527,9.0,8.644025176042238
Hawaii ,3.0,2.6546627324900527,9.0,8.644025176042238
Houston ,7.0,6.693999890693178,5.0,4.680561035150209
Idaho ,4.0,3.69432032526349,8.0,7.694769471162477
Idaho ,4.0,3.69432032526349,8.0,7.694769471162477
Illinois ,2.0,1.6772304815134902,10.0,9.650191514962831
Indiana ,5.0,4.76768458307599,7.0,6.7561157636582045
Iowa ,8.0,7.601943616279115,5.0,4.587496130937257
Kansas ,1.0,0.6262813848338027,11.0,10.648058979982057
Kentucky ,7.0,6.612029675849428,6.0,5.586226671212831
Louisiana ,5.0,4.60447657526349,7.0,6.616512625688234
Louisiana Tech ,7.0,6.697753552802553,6.0,5.651320903772035
Louisville ,8.0,7.66746485651349,5.0,4.630359142297426
Louisville ,8.0,7.66746485651349,5.0,4.630359142297426
Marshall ,8.0,7.714263562568178,5.0,4.697304575914064
Marshall ,8.0,7.714263562568178,5.0,4.697304575914064
Maryland ,4.0,3.6285702031931777,8.0,7.615241497033754
Maryland ,4.0,3.6285702031931777,8.0,7.615241497033754
Memphis ,10.0,9.758330945380678,3.0,2.7121710472046523
Miami ,10.0,9.769347791083803,3.0,2.744370310777345
Miami ,10.0,9.769347791083803,3.0,2.744370310777345
Miami ,5.0,4.70188868463849,7.0,6.672617643350282
Miami ,5.0,4.70188868463849,7.0,6.672617643350282
Michigan ,8.0,7.631423596747865,5.0,4.583014934533754
Minnesota ,5.0,4.650298718818178,7.0,6.608113019937196
Missouri ,7.0,6.761001233466615,6.0,5.7534793310104995
Navy ,7.0,6.722976331122865,6.0,5.702734797471681
Navy ,7.0,6.722976331122865,6.0,5.702734797471681
Nebraska ,4.0,3.71311915338849,8.0,7.6855801038681655
Nevada ,3.0,2.6588131231150527,9.0,8.634106486314455
Nevada ,3.0,2.6588131231150527,9.0,8.634106486314455
New Mexico ,3.0,2.666396741279115,9.0,8.676765053743043
New Mexico ,3.0,2.666396741279115,9.0,8.676765053743043
North Carolina ,3.0,2.7575374883494277,9.0,8.701313465112367
North Texas ,9.0,8.723266248115053,5.0,4.721799104684511
Northwestern ,10.0,9.832000378974428,3.0,2.8249616317688613
Notre Dame ,10.0,9.75682032526349,3.0,2.718436806672731
Notre Dame ,10.0,9.75682032526349,3.0,2.718436806672731
Ohio ,9.0,8.73295557916974,4.0,3.685272186273256
Oklahoma ,12.0,11.752776746161928,2.0,1.749081461900392
Old Dominion ,5.0,4.663589124091615,7.0,6.660478680604616
Old Dominion ,5.0,4.663589124091615,7.0,6.660478680604616
Oregon ,7.0,6.816039685615053,6.0,5.776023715013185
Pittsburgh ,5.0,4.71519434870099,7.0,6.711941569322267
Pittsburgh ,5.0,4.71519434870099,7.0,6.711941569322267
Purdue ,7.0,6.69261134088849,6.0,5.670810192102113
Rice ,1.0,0.7529751104197402,11.0,10.697699754708925
Rutgers ,4.0,3.5007015508494277,8.0,7.4712177209793715
Rutgers ,4.0,3.5007015508494277,8.0,7.4712177209793715
South Carolina ,9.0,8.587188367255678,4.0,3.5818925790726333
Southern California ,11.0,10.727553967841615,3.0,2.724647253030458
Stanford ,9.0,8.70610011041974,5.0,4.6987520151077895
Syracuse ,4.0,3.6854244512400527,8.0,7.67011853980414
Temple ,7.0,6.74906886041974,6.0,5.739740698808351
Tennessee ,4.0,3.6317745488963027,8.0,7.598482339852968
Texas ,7.0,6.808974866279115,6.0,5.7700715951859145
Texas A&M ,7.0,6.758865002997865,6.0,5.733651607507387
Texas Tech ,6.0,5.781570081122865,7.0,6.751308291429201
Toledo ,11.0,10.69560206354474,3.0,2.659671633714357
Troy ,11.0,10.752990369208803,2.0,1.7348941259323745
Tulane ,5.0,4.746780042060365,7.0,6.718502371781984
Tulane ,5.0,4.746780042060365,7.0,6.718502371781984
Tulsa ,2.0,1.6136623662791152,10.0,9.5920304946839
Tulsa ,2.0,1.6136623662791152,10.0,9.5920304946839
UCLA ,6.0,5.800384168036928,7.0,6.79285475539557
Utah ,7.0,6.655288342841615,6.0,5.6273209743439345
Vanderbilt ,5.0,4.700530652411928,7.0,6.671194522851625
Virginia ,6.0,5.61064112604474,7.0,6.5806842737137465
Virginia Tech ,9.0,8.76463282526349,4.0,3.751904457086244
Wake Forest ,8.0,7.833388928779115,5.0,4.7754273109375625
Washington ,10.0,9.709350232490053,3.0,2.7081585817276626
West Virginia ,7.0,6.70603907526349,6.0,5.695374815934816
Wisconsin ,13.0,12.524490002997865,1.0,0.5129552774368911
Wyoming ,8.0,7.640746716865053,5.0,4.588721244805971
Wyoming ,8.0,7.640746716865053,5.0,4.588721244805971
Air Force ,5.0,4.80223048151349,7.0,6.763267128938356
Air Force ,5.0,4.80223048151349,7.0,6.763267128938356
Akron ,4.0,3.6312862676463027,8.0,7.60532042312018
Alabama ,14.0,13.734984998115053,1.0,0.6741761856018691
Arizona ,5.0,4.680312756904115,7.0,6.671495526307741
Arkansas ,2.0,1.6827999395213027,10.0,9.684733121865907
Auburn ,8.0,7.723601941474428,5.0,4.7137008600174575
Baylor ,7.0,6.660979871161928,6.0,5.654072731012025
Boston College ,7.0,6.714110974677553,5.0,4.705237954133668
Bowling Green ,3.0,2.7092281621775527,9.0,8.725298135751405
Buffalo ,10.0,9.708037976630678,4.0,3.6769470863281875
California ,7.0,6.72581446588849,6.0,5.689631312364259
Cincinnati ,11.0,10.672484998115053,2.0,1.64207145499579
Clemson ,15.0,14.745559338935365,0.0,-0.3039218492568345
Colorado ,5.0,4.74076807916974,7.0,6.705416291230836
Duke ,8.0,7.69578516901349,5.0,4.690545409196535
East Carolina ,3.0,2.8088375371775527,9.0,8.80169686602942
East Carolina ,3.0,2.8088375371775527,9.0,8.80169686602942
Florida ,10.0,9.748443250068178,3.0,2.7031688384949355
Georgia ,11.0,10.705093030341615,3.0,2.6682173900543837
Georgia Tech ,7.0,6.715148572333803,6.0,5.70345434474341
Hawaii ,8.0,7.63249171198224,6.0,5.607199876779237
Hawaii ,8.0,7.63249171198224,6.0,5.607199876779237
Houston ,8.0,7.691177014716615,5.0,4.677939146035829
Illinois ,4.0,3.6846004766306777,8.0,7.67169472503058
Indiana ,5.0,4.695525769599428,7.0,6.681778281205812
Iowa ,9.0,8.694732312568178,4.0,3.6634401969849257
Kansas ,3.0,2.704299573310365,9.0,8.687961190217653
Kentucky ,10.0,9.650817517646303,3.0,2.640791624063173
Louisiana ,7.0,6.733153943427553,7.0,6.722866981500307
Louisiana Tech ,8.0,7.674590711005678,5.0,4.6516352586685805
Louisville ,2.0,1.6758571904978652,10.0,9.684255331033388
Louisville ,2.0,1.6758571904978652,10.0,9.684255331033388
Marshall ,9.0,8.705749158271303,4.0,3.6901466541229873
Marshall ,9.0,8.705749158271303,4.0,3.6901466541229873
Maryland ,5.0,4.74577296198224,7.0,6.712237089151063
Maryland ,5.0,4.74577296198224,7.0,6.712237089151063
Memphis ,8.0,7.753387097724428,6.0,5.662484257692018
Miami ,7.0,6.780120496161928,6.0,5.75824531840674
Miami ,7.0,6.780120496161928,6.0,5.75824531840674
Miami ,6.0,5.736877087958803,6.0,5.68910559939734
Miami ,6.0,5.736877087958803,6.0,5.68910559939734
Michigan ,10.0,9.643371228583803,3.0,2.629599540704408
Minnesota ,7.0,6.746093396552553,6.0,5.718976347917238
Missouri ,8.0,7.687499646552553,5.0,4.664787977212587
Navy ,3.0,2.60203516901349,10.0,9.57070526408545
Navy ,3.0,2.60203516901349,10.0,9.57070526408545
Nebraska ,4.0,3.70469630182599,8.0,7.656256525987306
Nevada ,8.0,7.750915173896303,5.0,4.755487292283693
Nevada ,8.0,7.750915173896303,5.0,4.755487292283693
New Mexico ,3.0,2.7185360235056777,9.0,8.689892380708375
New Mexico ,3.0,2.7185360235056777,9.0,8.689892380708375
North Carolina ,2.0,1.6771541875681777,9.0,8.60618004130713
North Texas ,9.0,8.768584851630678,4.0,3.7554911069809584
Northwestern ,9.0,8.749602918036928,5.0,4.7627017192780166
Notre Dame ,12.0,11.671645764716615,1.0,0.6918352537094741
Notre Dame ,12.0,11.671645764716615,1.0,0.6918352537094741
Ohio ,9.0,8.801543836005678,4.0,3.7631027393280654
Oklahoma ,12.0,11.88273585260724,2.0,1.9306152753769545
Old Dominion ,4.0,3.68376124323224,8.0,7.6569639139115
Old Dominion ,4.0,3.68376124323224,8.0,7.6569639139115
Oregon ,9.0,8.735259656318178,4.0,3.7179135971008925
Pittsburgh ,7.0,6.615783337958803,7.0,6.623037546151796
Pittsburgh ,7.0,6.615783337958803,7.0,6.623037546151796
Purdue ,6.0,5.74467432916974,7.0,6.706154196733156
Rice ,2.0,1.7105861944041152,11.0,10.686466663354555
Rutgers ,1.0,0.6932827276072402,11.0,10.638463824266115
Rutgers ,1.0,0.6932827276072402,11.0,10.638463824266115
South Carolina ,7.0,6.789870862372865,6.0,5.763100712770143
Southern California ,5.0,4.679504041083803,7.0,6.663982122415224
Stanford ,9.0,8.70439112604474,4.0,3.694549768441835
Syracuse ,10.0,9.723449353583803,3.0,2.7109642915665297
Temple ,8.0,7.80772364557599,5.0,4.751942008012453
Tennessee ,5.0,4.673308972724428,7.0,6.673689334863344
Texas ,10.0,9.744842175849428,4.0,3.738315670961061
Texas A&M ,9.0,8.656615857490053,4.0,3.644726484292665
Texas Tech ,5.0,4.726958875068178,7.0,6.671651690477052
Toledo ,7.0,6.711913709052553,6.0,5.697810619348207
Troy ,10.0,9.73332179010724,3.0,2.7570739679276137
Tulane ,7.0,6.750884656318178,6.0,5.727083414071718
Tulane ,7.0,6.750884656318178,6.0,5.727083414071718
Tulsa ,3.0,2.815627698310365,9.0,8.789652317041078
Tulsa ,3.0,2.815627698310365,9.0,8.789652317041078
UCLA ,3.0,2.6779171270213027,9.0,8.666784494393983
Utah ,9.0,8.712051038154115,5.0,4.6984948806702285
Vanderbilt ,6.0,5.676513318427553,7.0,6.67683240699164
Virginia ,8.0,7.66288721979474,5.0,4.638508050912538
Virginia Tech ,6.0,5.76634180963849,7.0,6.740920870774904
Wake Forest ,7.0,6.819427136786928,6.0,5.8195957832276015
Washington ,10.0,9.64604151666974,4.0,3.627257674211183
West Virginia ,8.0,7.776992444404115,4.0,3.7478009157120376
Wisconsin ,8.0,7.69926417291974,5.0,4.698874562257448
Wyoming ,6.0,5.70335352838849,6.0,5.696850030893007
Wyoming ,6.0,5.70335352838849,6.0,5.696850030893007
Air Force ,11.0,10.643096570380678,2.0,1.6260010890900283
Air Force ,11.0,10.643096570380678,2.0,1.6260010890900283
Akron ,0.0,-0.4511264520802598,12.0,11.51971730517737
Alabama ,11.0,10.834136609443178,2.0,1.8209553651749282
Arizona ,4.0,3.708816174872865,8.0,7.666213481897035
Arkansas ,2.0,1.6393276494822402,10.0,9.63741418647162
Auburn ,9.0,8.700774793036928,4.0,3.6868859224259047
Baylor ,11.0,10.644790295966615,3.0,2.6461708240448623
Boston College ,6.0,5.776137952216615,7.0,6.775909870141664
Bowling Green ,3.0,2.737075452216615,9.0,8.721340506547609
Buffalo ,8.0,7.66618311823224,5.0,4.6328481130539565
California ,8.0,7.620910291083803,5.0,4.637863247865358
Cincinnati ,11.0,10.674209241279115,3.0,2.673790066713014
Clemson ,14.0,13.683929089911928,1.0,0.6252240829407363
Coastal Carolina ,5.0,4.836211804755678,7.0,6.822643607133546
Colorado ,5.0,4.696426038154115,7.0,6.69964608477942
Duke ,5.0,4.770080212958803,7.0,6.74558445739142
East Carolina ,4.0,3.655471448310365,8.0,7.641556828492799
East Carolina ,4.0,3.655471448310365,8.0,7.641556828492799
Florida ,11.0,10.71446192682599,2.0,1.7130218439041762
Georgia ,12.0,11.574493054755678,2.0,1.5647482566773085
Georgia Tech ,3.0,2.594192151435365,9.0,8.57915481852881
Hawaii ,10.0,9.71177637995099,5.0,4.691835730546632
Hawaii ,10.0,9.71177637995099,5.0,4.691835730546632
Houston ,4.0,3.7821651738963027,8.0,7.742651789659181
Illinois ,6.0,5.728606824286928,7.0,6.723712890618959
Indiana ,8.0,7.753661755927553,5.0,4.698156922334352
Iowa ,10.0,9.643386487372865,3.0,2.6459412269531875
Kansas ,3.0,2.6823726934275527,9.0,8.667138069146791
Kentucky ,8.0,7.650207166083803,5.0,4.640140860551515
Liberty ,8.0,7.715636853583803,5.0,4.704638808244386
Louisiana ,11.0,10.722777966865053,3.0,2.696876256936708
Louisiana Tech ,10.0,9.69468653620099,3.0,2.689863889688173
Louisville ,8.0,7.741180066474428,5.0,4.715833156579652
Louisville ,8.0,7.741180066474428,5.0,4.715833156579652
Marshall ,8.0,7.794265393622865,5.0,4.776730745309511
Marshall ,8.0,7.794265393622865,5.0,4.776730745309511
Maryland ,3.0,2.63780177057599,9.0,8.614302723878541
Maryland ,3.0,2.63780177057599,9.0,8.614302723878541
Memphis ,12.0,11.741347913154115,2.0,1.6759123496948867
Miami ,6.0,5.579436902411928,7.0,6.561062186235109
Miami ,6.0,5.579436902411928,7.0,6.561062186235109
Miami ,8.0,7.618774060615053,6.0,5.5978938035904555
Miami ,8.0,7.618774060615053,6.0,5.5978938035904555
Michigan ,9.0,8.675323132880678,4.0,3.657490818971315
Minnesota ,11.0,10.683059338935365,2.0,1.6820220642029433
Missouri ,6.0,5.710235242255678,6.0,5.68317207621924
Navy ,11.0,10.614471082099428,2.0,1.6284023218094497
Navy ,11.0,10.614471082099428,2.0,1.6284023218094497
Nebraska ,5.0,4.73387110651349,7.0,6.717722743028322
Nevada ,7.0,6.67887843073224,6.0,5.691925137513795
Nevada ,7.0,6.67887843073224,6.0,5.691925137513795
New Mexico ,2.0,1.7451778692088027,10.0,9.713451593393007
New Mexico ,2.0,1.7451778692088027,10.0,9.713451593393007
North Carolina ,7.0,6.757888440497865,6.0,5.709441869729677
North Texas ,4.0,3.674148206122865,8.0,7.673122852319398
Northwestern ,3.0,2.773391370185365,9.0,8.718356578820863
Notre Dame ,11.0,10.72672999323224,2.0,1.7000024013458876
Notre Dame ,11.0,10.72672999323224,2.0,1.7000024013458876
Ohio ,7.0,6.756621961005678,6.0,5.707142680162111
Oklahoma ,12.0,11.75785792291974,2.0,1.7356791191040664
Old Dominion ,1.0,0.7408138555369277,11.0,10.702282875054994
Old Dominion ,1.0,0.7408138555369277,11.0,10.702282875054994
Oregon ,12.0,11.742858533271303,2.0,1.6935929946839003
Pittsburgh ,8.0,7.733535413154115,5.0,4.725538938516298
Pittsburgh ,8.0,7.733535413154115,5.0,4.725538938516298
Purdue ,4.0,3.6892696660838027,8.0,7.658549635881105
Rice ,3.0,2.596877698310365,9.0,8.565214007371583
Rutgers ,2.0,1.6276699346384902,10.0,9.611009448045412
Rutgers ,2.0,1.6276699346384902,10.0,9.611009448045412
South Carolina ,4.0,3.67161524713849,8.0,7.652265279763856
Southern California ,8.0,7.75181544245099,5.0,4.7221624545990615
Stanford ,4.0,3.6542049688181777,8.0,7.612452357286134
Syracuse ,5.0,4.643645886786928,7.0,6.644286721223512
Temple ,8.0,7.741424207099428,5.0,4.739618628495851
Tennessee ,8.0,7.660613660224428,5.0,4.6344549350678115
Texas ,8.0,7.705840711005678,5.0,4.699437706941286
Texas A&M ,8.0,7.57286036432599,5.0,4.547733633989015
Texas Tech ,4.0,3.609450940497865,8.0,7.58441981601111
Toledo ,6.0,5.682433728583803,6.0,5.667989700311342
Troy ,5.0,4.682311658271303,7.0,6.6497877530991225
Tulane ,7.0,6.750747327216615,6.0,5.700313656800905
Tulane ,7.0,6.750747327216615,6.0,5.700313656800905
Tulsa ,4.0,3.78709376276349,8.0,7.73956307696692
Tulsa ,4.0,3.78709376276349,8.0,7.73956307696692
UCLA ,4.0,3.8267208379588027,8.0,7.798080294603029
Utah ,11.0,10.50895655573224,3.0,2.4858678274094252
Vanderbilt ,3.0,2.6431881231150527,9.0,8.629998057359376
Virginia ,9.0,8.555022839911928,5.0,4.563123553270021
Virginia Tech ,8.0,7.747024182685365,5.0,4.697829573625246
Wake Forest ,8.0,7.742889050849428,5.0,4.732917874330202
Washington ,8.0,7.661193494208803,5.0,4.6512396030365615
West Virginia ,5.0,4.648498181708803,7.0,6.608369081491151
Wisconsin ,10.0,9.620391492255678,4.0,3.5858040742813735
Wyoming ,8.0,7.742644910224428,5.0,4.744206398004213
Wyoming ,8.0,7.742644910224428,5.0,4.744206398004213
Air Force ,3.0,2.939406995185365,3.0,2.92766818332068
Air Force ,3.0,2.939406995185365,3.0,2.92766818332068
Akron ,1.0,1.2791286748728652,5.0,5.277888744348207
Alabama ,11.0,10.685363416083803,0.0,-0.3100418157637925
Arizona ,0.0,-0.3793796259083848,5.0,4.605458109849611
Arkansas ,3.0,2.62425196588849,7.0,6.596300571435609
Auburn ,6.0,5.640258435615053,4.0,3.636269658082643
Baylor ,2.0,1.7833858770213027,7.0,6.717292516702333
Boston College ,6.0,5.664077405341615,5.0,4.660107939714113
Bowling Green ,0.0,-0.3645480829396348,5.0,4.656750648492494
Buffalo ,6.0,5.70365870416974,1.0,0.7190634899078994
California ,1.0,1.0730129522166152,3.0,3.0348670177399306
Cincinnati ,9.0,8.718963269599428,0.0,-0.28757062626489116
Clemson ,10.0,9.658416394599428,1.0,0.6290892057358413
Coastal Carolina ,11.0,10.756042127021303,0.0,-0.25726404858239604
Colorado ,4.0,3.397170667060365,1.0,0.38644739913336323
Duke ,2.0,1.6716457647166152,9.0,8.607946246141115
East Carolina ,3.0,2.58482325495099,6.0,5.551602809899965
East Carolina ,3.0,2.58482325495099,6.0,5.551602809899965
Florida ,8.0,7.81028712213849,3.0,2.7869223051010756
Georgia ,7.0,6.789519910224428,2.0,1.7688442163406997
Georgia Tech ,3.0,2.641921643622865,7.0,6.617398827546754
Hawaii ,5.0,4.66502345026349,4.0,3.6751027994095473
Hawaii ,5.0,4.66502345026349,4.0,3.6751027994095473
Houston ,3.0,2.63670313776349,5.0,4.618465631478944
Illinois ,2.0,1.5964351934275527,6.0,5.572109430307069
Indiana ,6.0,5.683501843818178,1.0,0.6932513408600478
Iowa ,6.0,5.712890271552553,2.0,1.6848981075226455
Kansas ,0.0,-0.12492405950213481,9.0,8.870948522561708
Kentucky ,4.0,3.697646741279115,6.0,5.651729314798036
Liberty ,9.0,8.736724500068178,1.0,0.7135086946427016
Louisiana ,9.0,8.72221339166974,1.0,0.7269824438034682
Louisiana Tech ,5.0,4.783507947333803,5.0,4.75647792147986
Louisville ,4.0,3.782363538154115,7.0,6.722652762406984
Louisville ,4.0,3.782363538154115,7.0,6.722652762406984
Marshall ,7.0,6.758254651435365,3.0,2.746466010087648
Marshall ,7.0,6.758254651435365,3.0,2.746466010087648
Maryland ,2.0,1.8226620000681777,3.0,2.8425770692764907
Maryland ,2.0,1.8226620000681777,3.0,2.8425770692764907
Memphis ,8.0,7.654540662177553,3.0,2.6499734811722426
Miami ,8.0,7.626052502997865,2.0,1.6214940242706923
Miami ,8.0,7.626052502997865,2.0,1.6214940242706923
Miami ,2.0,1.9783169072947402,1.0,0.9678847484528212
Miami ,2.0,1.9783169072947402,1.0,0.9678847484528212
Michigan ,2.0,1.6892238897166152,4.0,3.686248987191835
Minnesota ,3.0,2.918288831122865,4.0,3.9017488651215224
Missouri ,5.0,4.652862195380678,5.0,4.660603254312196
Navy ,3.0,2.6829220098338027,7.0,6.666138856881776
Navy ,3.0,2.6829220098338027,7.0,6.666138856881776
Nebraska ,3.0,2.5480648320994277,5.0,4.529051273339906
Nevada ,7.0,6.73027003229474,2.0,1.7221733026444106
Nevada ,7.0,6.73027003229474,2.0,1.7221733026444106
New Mexico ,2.0,1.6448665899119277,5.0,4.612944691651979
New Mexico ,2.0,1.6448665899119277,5.0,4.612944691651979
North Carolina ,8.0,7.758758191474428,3.0,2.726565568917909
North Texas ,4.0,3.39860499323224,6.0,5.364043682092348
Northwestern ,6.0,5.531798962958803,2.0,1.5182418518005996
Notre Dame ,10.0,9.60887110651349,1.0,0.5802330665527968
Notre Dame ,10.0,9.60887110651349,1.0,0.5802330665527968
Ohio ,2.0,1.9764858526072402,1.0,0.9909345798432021
Oklahoma ,8.0,7.69694483698224,2.0,1.6513096980988173
Oregon ,4.0,3.746474866279115,2.0,1.7500338249146132
Pittsburgh ,6.0,5.786697034247865,5.0,4.745373814576784
Pittsburgh ,6.0,5.786697034247865,5.0,4.745373814576784
Purdue ,2.0,1.7369381231150527,4.0,3.7242147617279677
Rice ,2.0,1.9841762822947402,3.0,2.9640859060227065
Rutgers ,3.0,2.500320081122865,6.0,5.475579708093324
Rutgers ,3.0,2.500320081122865,6.0,5.475579708093324
South Carolina ,2.0,1.7492367070994277,8.0,7.698402016633668
Southern California ,5.0,4.88206446588849,1.0,0.8741726570068984
Stanford ,4.0,3.7422481817088027,2.0,1.7573066644608168
Syracuse ,1.0,0.5496364873728652,10.0,9.514970033639589
Temple ,1.0,0.6209102910838027,6.0,5.56865951346747
Tennessee ,3.0,2.66111720026349,7.0,6.667641251557985
Texas ,6.0,5.601989392646303,3.0,2.579794853204408
Texas A&M ,8.0,7.862258557685365,1.0,0.8498588495194106
Texas Tech ,4.0,3.5157467168650527,6.0,5.491461365693727
Toledo ,4.0,3.58048975885724,2.0,1.581679790490785
Troy ,5.0,4.65446436823224,6.0,5.60899576472632
Tulane ,6.0,5.731094006904115,6.0,5.681527703279176
Tulane ,6.0,5.731094006904115,6.0,5.681527703279176
Tulsa ,6.0,5.592345837958803,2.0,1.601067750924745
Tulsa ,6.0,5.592345837958803,2.0,1.601067750924745
UCLA ,3.0,2.474074963935365,4.0,3.423269479745546
Utah ,3.0,2.6745296758494277,2.0,1.6537259511887221
Vanderbilt ,0.0,-0.3219760614552598,9.0,8.624979584687868
Virginia ,5.0,4.51359522760724,5.0,4.508487551683107
Virginia Tech ,5.0,4.763915662177553,6.0,5.728217213624635
Wake Forest ,4.0,3.5000301641306777,4.0,3.475654094690004
Washington ,3.0,3.1288448613963027,1.0,1.1198033981262832
West Virginia ,5.0,4.72367823541974,4.0,3.696590154641786
Wisconsin ,3.0,2.993667249091615,3.0,2.9726910285889296
Wyoming ,2.0,1.7205349248728652,4.0,3.7032885246216445
Wyoming ,2.0,1.7205349248728652,4.0,3.7032885246216445
Air Force ,6.525,5.976605739913197,5.670833333333333,5.084183236258259
Air Force ,6.525,5.976605739913197,5.670833333333333,5.084183236258259
Akron ,6.525,5.911528295814772,5.670833333333333,5.035526463572907
Alabama ,6.525,5.928751537001357,5.670833333333333,5.024468837330069
Arizona ,6.525,5.9287885955483794,5.670833333333333,5.047716087567252
Arkansas ,6.525,5.971379813275547,5.670833333333333,5.081273901299728
Auburn ,6.525,5.9509303887527345,5.670833333333333,5.060345800444495
Baylor ,6.525,5.9776200479412935,5.670833333333333,5.096188720063012
Boston College ,6.525,5.974914037726254,5.670833333333333,5.074452861686012
Bowling Green ,6.525,5.98761775408099,5.670833333333333,5.101454385773621
Buffalo ,6.525,5.971986761289433,5.670833333333333,5.0809709361319335
California ,6.525,5.9932078056291935,5.670833333333333,5.10071475182319
Cincinnati ,6.525,5.963536187089762,5.670833333333333,5.078695860874877
Clemson ,6.525,5.976392556499764,5.670833333333333,5.08254380002888
Coastal Carolina ,6.525,5.989567596983239,5.670833333333333,5.09487671070071
Colorado ,6.525,5.954632972138484,5.670833333333333,5.076414184701726
Duke ,6.525,5.9938065912302285,5.670833333333333,5.10501672982079
East Carolina ,6.525,5.9912668700436065,5.670833333333333,5.098459004432669
East Carolina ,6.525,5.9912668700436065,5.670833333333333,5.098459004432669
Florida ,6.525,6.0278813817720085,5.670833333333333,5.132187793606292
Georgia ,6.525,5.991218841513749,5.670833333333333,5.10279524397135
Georgia Tech ,6.525,5.947301628576664,5.670833333333333,5.055270632719996
Hawaii ,6.525,5.933331249439348,5.670833333333333,5.054021818067639
Hawaii ,6.525,5.933331249439348,5.670833333333333,5.054021818067639
Houston ,6.525,5.957157866688345,5.670833333333333,5.066830894618189
Illinois ,6.525,5.955618773826412,5.670833333333333,5.078838414811045
Indiana ,6.525,5.964756189687311,5.670833333333333,5.073934109431292
Iowa ,6.525,5.988221720397547,5.670833333333333,5.089666311666743
Kansas ,6.525,5.9541520110161095,5.670833333333333,5.0719226135251745
Kentucky ,6.525,5.9628151639130245,5.670833333333333,5.078230793417397
Liberty ,6.525,6.005369319841108,5.670833333333333,5.120033606501028
Louisiana ,6.525,5.997263292162522,5.670833333333333,5.097137475658172
Louisiana Tech ,6.525,5.969761842034192,5.670833333333333,5.070273519734627
Louisville ,6.525,5.985234577726647,5.670833333333333,5.082270584211592
Louisville ,6.525,5.985234577726647,5.670833333333333,5.082270584211592
Marshall ,6.525,5.948385236991584,5.670833333333333,5.06199568248282
Marshall ,6.525,5.948385236991584,5.670833333333333,5.06199568248282
Maryland ,6.525,5.989898889068996,5.670833333333333,5.099152451100391
Maryland ,6.525,5.989898889068996,5.670833333333333,5.099152451100391
Memphis ,6.525,5.969849073431821,5.670833333333333,5.066261584645844
Miami ,6.525,5.96642341275771,5.670833333333333,5.071044233653964
Miami ,6.525,5.96642341275771,5.670833333333333,5.071044233653964
Miami ,6.525,5.983315479011058,5.670833333333333,5.113049361287423
Miami ,6.525,5.983315479011058,5.670833333333333,5.113049361287423
Michigan ,6.525,5.9742858731125175,5.670833333333333,5.086972774460602
Minnesota ,6.525,5.988402841203921,5.670833333333333,5.094071320126904
Missouri ,6.525,6.010390845181959,5.670833333333333,5.135580588137756
Navy ,6.525,5.9609462807439435,5.670833333333333,5.090780611314557
Navy ,6.525,5.9609462807439435,5.670833333333333,5.090780611314557
Nebraska ,6.525,5.971254772484084,5.670833333333333,5.088296734771731
Nevada ,6.525,5.975403632821823,5.670833333333333,5.086098268402356
Nevada ,6.525,5.975403632821823,5.670833333333333,5.086098268402356
New Mexico ,6.525,5.964109381633595,5.670833333333333,5.089759811785342
New Mexico ,6.525,5.964109381633595,5.670833333333333,5.089759811785342
North Carolina ,6.525,5.98472087509565,5.670833333333333,5.098104281726201
North Texas ,6.525,5.956298855705086,5.670833333333333,5.064485993573335
Northwestern ,6.525,5.99002083248763,5.670833333333333,5.109346746851379
Notre Dame ,6.525,5.930967133443758,5.670833333333333,5.054896802653612
Notre Dame ,6.525,5.930967133443758,5.670833333333333,5.054896802653612
Ohio ,6.525,5.988608440357044,5.670833333333333,5.095562502069669
Oklahoma ,6.525,5.987129029774064,5.670833333333333,5.09383476761338
Old Dominion ,6.525,5.962260095141378,5.670833333333333,5.075152421479444
Old Dominion ,6.525,5.962260095141378,5.670833333333333,5.075152421479444
Oregon ,6.525,5.964529994124739,5.670833333333333,5.079848213149461
Pittsburgh ,6.525,5.965464594954817,5.670833333333333,5.062111052479821
Pittsburgh ,6.525,5.965464594954817,5.670833333333333,5.062111052479821
Purdue ,6.525,5.992979196989168,5.670833333333333,5.101734494294732
Rice ,6.525,5.993744934018309,5.670833333333333,5.09210935503922
Rutgers ,6.525,5.97305542003464,5.670833333333333,5.068121638716338
Rutgers ,6.525,5.97305542003464,5.670833333333333,5.068121638716338
South Carolina ,6.525,6.000165311260048,5.670833333333333,5.107328799424586
Southern California ,6.525,5.96190526439938,5.670833333333333,5.076110698756537
Stanford ,6.525,5.950278135389514,5.670833333333333,5.068681205643742
Syracuse ,6.525,5.901785975294903,5.670833333333333,5.081593069041418
Temple ,6.525,5.942376288162617,5.670833333333333,5.052479671072589
Tennessee ,6.525,5.943583932759779,5.670833333333333,5.058345701783921
Texas ,6.525,5.994831973259412,5.670833333333333,5.113437091730674
Texas A&M ,6.525,5.881562741581714,5.670833333333333,5.013390278411109
Texas Tech ,6.525,5.988412974091901,5.670833333333333,5.093918185555022
Toledo ,6.525,5.976751265121408,5.670833333333333,5.082572565446181
Troy ,6.525,5.971500040203523,5.670833333333333,5.087982679332136
Tulane ,6.525,6.009265425524632,5.670833333333333,5.117725408607448
Tulane ,6.525,6.009265425524632,5.670833333333333,5.117725408607448
Tulsa ,6.525,5.937184004787838,5.670833333333333,5.071849182782326
Tulsa ,6.525,5.937184004787838,5.670833333333333,5.071849182782326
UCLA ,6.525,5.973280762561611,5.670833333333333,5.101527837287151
Utah ,6.525,5.975467398812604,5.670833333333333,5.0980926019137485
Vanderbilt ,6.525,5.978800738270934,5.670833333333333,5.08674758662216
Virginia ,6.525,5.95854138773268,5.670833333333333,5.079562293959107
Virginia Tech ,6.525,5.957182826582706,5.670833333333333,5.071836195387888
Wake Forest ,6.525,5.933293716641042,5.670833333333333,5.048643318178957
Washington ,6.525,5.955502632451665,5.670833333333333,5.05669710067211
West Virginia ,6.525,5.98214499580396,5.670833333333333,5.087085044670829
Wisconsin ,6.525,5.973975123945987,5.670833333333333,5.082606370295409
Wyoming ,6.525,5.928633598768343,5.670833333333333,5.035986660483985
Wyoming ,6.525,5.928633598768343,5.670833333333333,5.035986660483985
Tennessee ,6.525,6.651615922726091,5.670833333333333,5.808815846315106
Washington ,6.525,6.665765204045499,5.670833333333333,5.826230083618199
Southern California ,6.525,6.630906476261195,5.670833333333333,5.786081216100996
UCLA ,6.525,6.596880722404208,5.670833333333333,5.773405359675365
Georgia ,6.525,6.642604918990735,5.670833333333333,5.820631541613096
Oregon ,6.525,6.6001827291949695,5.670833333333333,5.758890294424187
Alabama ,6.525,6.639042067131708,5.670833333333333,5.807704897005301
Oklahoma ,6.525,6.632881112961371,5.670833333333333,5.792887985188049
Arkansas ,6.525,6.607222154167289,5.670833333333333,5.781290925467097
Utah ,6.525,6.6339724427779245,5.670833333333333,5.799848591663746
North Carolina ,6.525,6.598130717304343,5.670833333333333,5.767558874921583
Arizona ,6.525,6.672695702143869,5.670833333333333,5.833636262969726
North Texas ,6.525,6.6474171463781815,5.670833333333333,5.816767812724123
Texas Tech ,6.525,6.6267923881381705,5.670833333333333,5.781342492962491
East Carolina ,6.525,6.61401618366483,5.670833333333333,5.79009306279017
East Carolina ,6.525,6.61401618366483,5.670833333333333,5.79009306279017
Michigan ,6.525,6.659743035809122,5.670833333333333,5.828239632802564
Houston ,6.525,6.5996441393963,5.670833333333333,5.770200012522167
Wake Forest ,6.525,6.622333599173331,5.670833333333333,5.781604203729643
Tulane ,6.525,6.6111761974113,5.670833333333333,5.772309260368406
Tulane ,6.525,6.6111761974113,5.670833333333333,5.772309260368406
Kansas ,6.525,6.6068059291333014,5.670833333333333,5.767505603655579
Texas ,6.525,6.646229988272285,5.670833333333333,5.804533488863804
Florida ,6.525,6.630299943389005,5.670833333333333,5.7820044866742535
Memphis ,6.525,6.652319469122489,5.670833333333333,5.818357601476368
Ohio ,6.525,6.6532336586475544,5.670833333333333,5.831576915859973
Duke ,6.525,6.650413158150954,5.670833333333333,5.813812221577379
Baylor ,6.525,6.622065648104513,5.670833333333333,5.783692842353908
Tulsa ,6.525,6.648951444127928,5.670833333333333,5.812579399741068
Tulsa ,6.525,6.648951444127928,5.670833333333333,5.812579399741068
Clemson ,6.525,6.64893678942088,5.670833333333333,5.824530799180636
Louisville ,6.525,6.647710280417272,5.670833333333333,5.813978722571978
Louisville ,6.525,6.647710280417272,5.670833333333333,5.813978722571978
Pittsburgh ,6.525,6.63522161510166,5.670833333333333,5.789280416448442
Pittsburgh ,6.525,6.63522161510166,5.670833333333333,5.789280416448442
Coastal Carolina ,6.525,6.641914838518176,5.670833333333333,5.797808453877721
Toledo ,6.525,6.6212726798220345,5.670833333333333,5.782268697743845
Maryland ,6.525,6.671735806594995,5.670833333333333,5.83086749702538
Maryland ,6.525,6.671735806594995,5.670833333333333,5.83086749702538
Purdue ,6.525,6.628187345145893,5.670833333333333,5.790002584648523
West Virginia ,6.525,6.599906527270544,5.670833333333333,5.765372943633835
Marshall ,6.525,6.61531175413144,5.670833333333333,5.771193251402423
Marshall ,6.525,6.61531175413144,5.670833333333333,5.771193251402423
Air Force ,6.525,6.6080433234505875,5.670833333333333,5.778545365372835
Air Force ,6.525,6.6080433234505875,5.670833333333333,5.778545365372835
Notre Dame ,6.525,6.656921320833831,5.670833333333333,5.816375138302959
Notre Dame ,6.525,6.656921320833831,5.670833333333333,5.816375138302959
Louisiana Tech ,6.525,6.649288154911233,5.670833333333333,5.825213273424147
Minnesota ,6.525,6.622709277024882,5.670833333333333,5.794440961408458
Liberty ,6.525,6.636569293745893,5.670833333333333,5.79711097422782
Illinois ,6.525,6.6182158514447345,5.670833333333333,5.783951227179337
South Carolina ,6.525,6.651575214917287,5.670833333333333,5.816847200761682
Auburn ,6.525,6.656104259021564,5.670833333333333,5.81554006204837
Buffalo ,6.525,6.673773013570795,5.670833333333333,5.817741946436712
Syracuse ,6.525,6.610314083062153,5.670833333333333,5.771834908377556
Rice ,6.525,6.632761947226868,5.670833333333333,5.783855143577007
Akron ,6.525,6.603634793540156,5.670833333333333,5.772758998338162
Cincinnati ,6.525,6.5910021146818,5.670833333333333,5.747434971568641
Missouri ,6.525,6.6642035884786,5.670833333333333,5.832332448363871
Miami ,6.525,6.617839648815902,5.670833333333333,5.788419507917702
Miami ,6.525,6.617839648815902,5.670833333333333,5.788419507917702
California ,6.525,6.586056898520951,5.670833333333333,5.755452560027102
Louisiana ,6.525,6.6654665156457185,5.670833333333333,5.828678073307078
Wisconsin ,6.525,6.639223798777426,5.670833333333333,5.809395251567317
Stanford ,6.525,6.686783386863283,5.670833333333333,5.8613907922438955
Texas A&M ,6.525,6.651155874652943,5.670833333333333,5.805022283236525
Troy ,6.525,6.634406725610354,5.670833333333333,5.793215577569342
Temple ,6.525,6.615091373446088,5.670833333333333,5.782026856468789
Vanderbilt ,6.525,6.592515965048847,5.670833333333333,5.752035765784008
Nebraska ,6.525,6.619045117671817,5.670833333333333,5.779056938391427
Virginia ,6.525,6.638461449533974,5.670833333333333,5.813636408291991
Hawaii ,6.525,6.633364158808295,5.670833333333333,5.7874639338011065
Hawaii ,6.525,6.633364158808295,5.670833333333333,5.7874639338011065
Old Dominion ,6.525,6.6215376401215735,5.670833333333333,5.783009972549685
Old Dominion ,6.525,6.6215376401215735,5.670833333333333,5.783009972549685
Northwestern ,6.525,6.606378481486505,5.670833333333333,5.7701948946099435
Bowling Green ,6.525,6.626907788870199,5.670833333333333,5.793530252728438
Indiana ,6.525,6.6363543358489245,5.670833333333333,5.797065518261064
Navy ,6.525,6.635490023187344,5.670833333333333,5.794776199702888
Navy ,6.525,6.635490023187344,5.670833333333333,5.794776199702888
Georgia Tech ,6.525,6.654723884373709,5.670833333333333,5.809828910046548
Kentucky ,6.525,6.650975039615627,5.670833333333333,5.808134593266864
Wyoming ,6.525,6.6695398949899065,5.670833333333333,5.825621532921055
Wyoming ,6.525,6.6695398949899065,5.670833333333333,5.825621532921055
Virginia Tech ,6.525,6.613873513965267,5.670833333333333,5.764390112738461
Boston College ,6.525,6.677757600235676,5.670833333333333,5.841296330975226
Miami ,6.525,6.688729920954543,5.670833333333333,5.846913214022919
Miami ,6.525,6.688729920954543,5.670833333333333,5.846913214022919
Nevada ,6.525,6.635500644133174,5.670833333333333,5.799200799341037
Nevada ,6.525,6.635500644133174,5.670833333333333,5.799200799341037
Rutgers ,6.525,6.614986211569089,5.670833333333333,5.78152151575609
Rutgers ,6.525,6.614986211569089,5.670833333333333,5.78152151575609
Colorado ,6.525,6.667951435404287,5.670833333333333,5.831089644802475
Iowa ,6.525,6.635644478982471,5.670833333333333,5.789063122052671
New Mexico ,6.525,6.633419491460415,5.670833333333333,5.8070762937446005
New Mexico ,6.525,6.633419491460415,5.670833333333333,5.8070762937446005
